subreddit,title,text,created_utc,upvotes,comments
StockMarket,ratemyportfoliorstockmarketquarterlythreadoctober2024,pleaseusethisthreadtodiscussyourportfoliolearnofotherstocktickersandhelpoutusersbygivingconstructivecriticismpleaseshareeitherascreenshotofyourportfolioormorepreferablyalistofstocktickerswithofoverallportfoliousingatablehttpswwwredditcomryoushouldknowcommentsy37p6yskhowtomakeatableonredditalsoincludethefollowingtomakefeedbackeasierinvestingstrategytradingshorttermswinglongterminvestoretcinvestingtimeline17daysdaytrading13monthsshort12monthslongterm,2024-10-01 09:01:13,2,41
StockMarket,dailygeneraldiscussionandadvicethreadnovember282024,haveageneralquestionwanttooffersomecommentaryonmarketsmaybeyouwouldjustliketothrowoutaneatfactthatdoesntwarrantaselfpostfeelfreetopostherex200bifyourquestionisihave$10000whatdoidoorotheradviceformypersonalsituationquestionsyoushouldincluderelevantinformationsuchasthefollowingx200b\howoldareyouwhatcountrydoyoulivein\areyouemployedmakingincomehowmuch\whatareyourobjectiveswiththismoneybuyahouseretirementsavings\whatisyourtimehorizondoyouneedthismoneynextmonthnext20yrs\whatisyourrisktolerancedoyoumindriskingitatblackjackordoyouneedtoknowits100safe\whatareyoucurrentholdingsdoyoualreadyhaveexposuretospecificfundsandsectorsanyotherassets\anybigdebtsincludeinterestrateorexpenses\andanyotherrelevantfinancialinformationwillbeusefultogiveyouaproperanswerbeawarethattheseanswersarejustopinionsofredditorsandshouldbeusedasastartingpointforyourresearchyoushouldstronglyconsiderseeingaregisteredinvestmentadviserifyouneedprofessionalsupportbeforemakinganyfinancialdecisions,2024-11-28 10:00:56,1,0
StockMarket,aievolutionhasbeenexaggerated,snowflakesharesralliedafterreleasingstrongq3earningsbutithinkitsaiprogressisoverstateddespitebeatingrevenueexpectationsq4guidanceisforonly23growthandaiproductrevenueremainssmallandlimitedrpogrowthislargelycomingfromlongtermcontractswithlargeclientsandfuturegrowthpotentialisunclearinadditionsnowflakesvaluationisalreadyhighmuchhigherthanpeerssuchasdatabrickswhichisgrowingfasteroveralldespitetheaihypedrivingthestockrallythecompanysactualgrowthisatriskofslowingdownandithinkweshouldbewaryofpossibleovervaluation,2024-11-27 20:21:53,37,17
StockMarket,warrenbuffettwhoiscurrentlythe7thrichestpersonintheworldjustsentoutthisletterexplaininghisthoughtsondistributinghiswealthafterhepassesawayaisummarypicattheend,,2024-11-26 14:47:07,2109,250
StockMarket,hasanyoneseenafterhoursactionlikethisonspybeforeneverseenanythinglikeit4millionsharessoldafterhours,ithinkthisisratherunusualhasanyoneseenanythinglikethisbeforequiteworriedaboutarugpulltomorrowiguesswewillhavetoseehowthefedmeetingsgo,2024-11-27 03:48:33,94,55
StockMarket,startingmyinvestingjourneyasan18yearoldneedyouradvice,hieveryoneim18fromswedenanddivingintoinvestingandinvestmentsforthefirsttimeimexcitedandnervousaswellwithmakingthewrongchicesbutimreadytogiveitagoandlearnasmuchasicanalongthewayhereswhereimativeinvested400intoaswedishindexfundthatfocusesontheglobaltechsectoryesterdayitsbeenhavingquiteagood30growthinthepastsixmonthsmyplanistoholdontoitforsixtoninemonthsandseewhereitgoesivegot300readytoputintoindividualstocksandiwanttomakemyfirstmovebyfridayornextmondaymygoalistofindsomethingwithgoodshorttermpotentialaroundsixmonthsidlovetohearyourtipsonwhattoinvestinandwhywhatsthehotstockishouldbuythisweekwhichsectorsarelookingstrongrightnowbesidestecharethereindustriesthatcouldreallyshineoverthenextsixmonthswithnowtrumpreturningtothepresidencyorotherbigworldeventswhichstocksorsectorsmightbenefitarethereanyearningsreportsorglobaltrendsthisweekishouldkeepaneyeonimallearsforyouradviceandwouldlovetohearaboutyourownexperiencestoothanksforyourhelp,2024-11-27 21:03:44,0,4
StockMarket,breakingtrumpsettoraisetarrifs25onmexicocanadaandonmorefromchinawhatkindofimpactwouldthishaveonourmarkets,onjanuary20thasoneofmymanyfirstexecutiveordersiwillsignallnecessarydocumentstochargemexicoandcanadaa25tariffonallproductscomingintotheunitedstatesanditsridiculousopenbordershewrotecomplainingthatthousandsofpeoplearepouringthroughmexicoandcanadabringingcrimeanddrugsatlevelsneverseenbeforeeventhoughviolentcrimeisdownfrompandemichighshttpswwwmsncomenusnewsworldtrumpthreatenstoimposesweepingnewtariffsonmexicocanadaandchinaonfirstdayinofficearaa1ukwnrocidbingnewsserpedittheresaconcerningnumberofpeopleherewhothinktheamericanpeoplewouldnotbetheoneswhowillpayforthetarrifsiwelcomeyouwatchwatchthisexplanationfromwsjsoyoucanseehowtarrifshaveworkedhistoricallythistimeisnodifferenthttpsyoutubeehosq3oqisizetwyqwxymi3qpqv,2024-11-26 02:10:49,2715,2039
StockMarket,thesearethestocksonmywatchlist1127,hiiamanexpropshopequitytraderthisisadailywatchlistfortradingimighttradeallnoneofthestockslistedandevenstocksnotlistedionlyholdsomeallmag7stocksandmarketindiceslongtermifyouuseoldredditclickshowimagesatthetoptoexpandthechartsanypositionsstatedarentrecommendationsimfollowingsubredditrulestodisclosepositionsiuseibkrtwsformyplatformandchartsiamtargetingpotentiallygoodcandidatestodaytradeihavenoopiniononthemasinvestmentsthismeansthepotentialofthestockmovingtodayiswhatmakesitinterestingnotthebusinesslongtermprospectsorthepeopleinvolvedpleaseaskspecificquestionsandpleasedontaskaboutearningsbecauseitypicallydonttakepositionsbeforeearningsannouncementsquestionslikethoughtson\\\\\orwhyisnt\\\onthewatchlistorsomethingansweredalreadywillbeignoredunlessyouadddetailandyouropinionifyoupostaquestionanddeleteitafteriansweritiwillblockyoudoingthathurtsdiscussioniamnotansweringquestionsifimstilllongorshortastockbeyondwhatiupdatehappythanksgivingeveryonewillnotbepostingonfridayduetothehalfdaymainlyearningstodaynewslebanonceasefirestartsafterisraelandhezbollahreachdealhttpswwwbloombergcomnewsarticles20241127lebanonceasefirestartsafterisraelandhezbollahreachdealgmhttpsfinvizcomquoteashxtgmpdfhttpsfinvizcomquoteashxtfpdtmhttpsfinvizcomquoteashxttmpdothercarcompaniesgmissupposedlymoreexposedtotariffsduetosuvpickuptruckpricesandexportsthemostcarsfrommexicotonahttpspreviewredditji8oycw2cg3e1pngwidth1017formatpngautowebpse98fbe6441df93669a06bd20164f13cfb8452f93dellhttpsfinvizcomquoteashxtdellpd\reportedadjustedearningsof$215vs206revenueof$244bvs2469bexprevenuemainlyhurtbyfallinconsumerrevenue18andcompanyclientsolutionspclaptopsalsoguidedweakerduetodelaysinaiserversalesandpcrefreshcyclehttpspreviewredditda9q9ct3cg3e1pngwidth1023formatpngautowebps5b7061cb98a5fdd109405e480e1a405a9ea5b6bbsymhttpsfinvizcomquoteashxtsympd\announceddelayinfiling10kforfiscalyear2024duetoerrorsinrevenuerecognitionrevenuegrossprofitadjustedebitdaexpectedtodeclineby$3040mfy2025outlookreviseddownwardaswellhttpspreviewreddit5nz4c9b6cg3e1pngwidth1531formatpngautowebps095300662474ad60531878c752c6f9f807db778aambahttpsfinvizcomquoteashxtambapd\epsof$13vs$19revenueof$637mvs$621mreported30boostinautoandiotsegmentsandoptimisticforecasthttpspreviewredditfbqfwq87cg3e1pngwidth1015formatpngautowebps9301c28ed83b12a9aac59e314c370cf7b71cc6c0wdayhttpsfinvizcomquoteashxtwdaypd\epsof189vs176exprevenueof$216bvs213bexpectedfellmainlyduetosubscriptiongrowthoutlookhttpspreviewredditdprblkn8cg3e1pngwidth1018formatpngautowebps221571ffad741d46600fe67b361b09535e7912aaagainwatchingtslahttpsfinvizcomquoteashxttslapd$360level,2024-11-27 14:12:49,3,4
StockMarket,howaresmallercompanieshavingsuchabad12yearslatelybutbigcompaniesarebooming,howaresmallercompaniesingoodfieldstakingsuchahitoverthelast12yearsbutbigcompaniescontinuetoboomimnoexpertbutthatjustseemscrazyandsoinorganicigetthatthecompanysthemselvesarentdoingwellormighthaveabadfinancialyearbutdown90ormoreinayearortwojustdoesntreallymakesensetomeforittodroplikethatitobviouslymeanspeoplearesellingbutinorderforthosesalestogothroughthatmeanspeoplearestillbuyingthestocksosomebodystillbelievesinthecompanyandliketheycouldhaveabadyearwhererevenueisdown25ormorethanpreviousyearssohowdoesthatjustifya90dropormaybetheyrerunninglowoncashandreallytheonlywaytoraisecashtohelptheirsituationisissuingsharesorareversesplitorwhateverifcashonhandistheirbiggestproblemwouldntmakingthestockpricegouphelpthecompanyandthenleadtomoregrowthgrantedcashonhandisprobablyhardlythebiggestfactorsinthesedropsbutjusttryingtogrowmyknowledgeithoughtthestockmarketkindawenthandinhandinasensethatwhenbigcompaniesaregrowingthelittleonesalsofollowkindalikein20202021nowitseemstobetheoppositeiguessisthatjustthedifferencebetweenbigcompaniesandsmalloneswhenhardtimescomethebigonesareabletoadjustandrecoverandthesmalleronesjustgetdestroyedandtofinishitoffhowdoyoutellthedifferencebetweencompaniesthathavenohopeandwillmostlikelybebankruptsoonversusthosethatwillmostlikelymakeacomebackandrecoverfrombeingdown90ormoreifeellikeitcouldbeagreattimetoputalittlebitofmoneyinthesesmallercompaniesbutdontreallyknowhowtotelliftheyregonnalastornotmodspleasedontremoveitookouttheexamplecompaniesilistedimjusttryingtogainknowledgeandheresomeexpertanswers,2024-11-26 22:03:35,18,29
StockMarket,bofaraises2025yearendsp500targetto6666byinvestingcom,howmuchseriouscontemplationyouthinkwasbehindthistargetitseemslikealazyguesstimateanswerwheresomeonedidntwanttobebotheredtomovetheirfingeroffonekeybofaalsodiscussedthepotentialimpactofatrump20presidencyoutliningbothpositiveandnegativeoutcomestheanalysissuggestsabalancedrangeofpossibilitieswithhighertariffspotentiallyoffsetbyincreasedreshoringinvestmentsandcorporatetaxcutspotentiallycounterbalancedbythebenefitspassedthroughtoconsumersreshoringinvestmentstypicallytakesyearswhentheressolittleexistingalreadysoihavenoideahowtheybalancethisintheiranalysisfor2025,2024-11-26 21:56:01,16,11
StockMarket,dailygeneraldiscussionandadvicethreadnovember272024,haveageneralquestionwanttooffersomecommentaryonmarketsmaybeyouwouldjustliketothrowoutaneatfactthatdoesntwarrantaselfpostfeelfreetopostherex200bifyourquestionisihave$10000whatdoidoorotheradviceformypersonalsituationquestionsyoushouldincluderelevantinformationsuchasthefollowingx200b\howoldareyouwhatcountrydoyoulivein\areyouemployedmakingincomehowmuch\whatareyourobjectiveswiththismoneybuyahouseretirementsavings\whatisyourtimehorizondoyouneedthismoneynextmonthnext20yrs\whatisyourrisktolerancedoyoumindriskingitatblackjackordoyouneedtoknowits100safe\whatareyoucurrentholdingsdoyoualreadyhaveexposuretospecificfundsandsectorsanyotherassets\anybigdebtsincludeinterestrateorexpenses\andanyotherrelevantfinancialinformationwillbeusefultogiveyouaproperanswerbeawarethattheseanswersarejustopinionsofredditorsandshouldbeusedasastartingpointforyourresearchyoushouldstronglyconsiderseeingaregisteredinvestmentadviserifyouneedprofessionalsupportbeforemakinganyfinancialdecisions,2024-11-27 10:00:40,1,1
StockMarket,thesearethestocksonmywatchlist1126,hiiamanexpropshopequitytraderthisisadailywatchlistfortradingimighttradeallnoneofthestockslistedandevenstocksnotlistedionlyholdsomeallmag7stocksandmarketindiceslongtermifyouuseoldredditclickshowimagesatthetoptoexpandthechartsanypositionsstatedarentrecommendationsimfollowingsubredditrulestodisclosepositionsiuseibkrtwsformyplatformandchartsiamtargetingpotentiallygoodcandidatestodaytradeihavenoopiniononthemasinvestmentsthismeansthepotentialofthestockmovingtodayiswhatmakesitinterestingnotthebusinesslongtermprospectsorthepeopleinvolvedpleaseaskspecificquestionsandpleasedontaskaboutearningsbecauseitypicallydonttakepositionsbeforeearningsannouncementsquestionslikethoughtson\\\\\orwhyisnt\\\onthewatchlistorsomethingansweredalreadywillbeignoredunlessyouadddetailandyouropinionifyoupostaquestionanddeleteitafteriansweritiwillblockyoudoingthathurtsdiscussioniamnotansweringquestionsifimstilllongorshortastockbeyondwhatiupdatetariffsarethebiggestnewstoday25oncanadamexicoand35onchinanewstrumpvowstohitchinamexicocanadawithtariffsoverborderhttpswwwbloombergcomnewsarticles20241125trumpvowstohitchinamexicocanadawithtariffsoverborderspyhttpsfinvizcomquoteashxtspypdvixhttpsfinvizcomquoteashxtvixpdqqqhttpsfinvizcomquoteashxtqqqpd\watchingmajormarketindicesonthetariffnewsobviouslykeepinganeyepeeledfortrumpstwitterandotherpotentiallymarketmovingnewshttpspreviewredditl8ozeiua693e1pngwidth1014formatpngautowebps214353ef1c564949461cbf9546a94b9e7552543fmstrhttpsfinvizcomquoteashxtmstrpd\broke$400yesterdaynobiasyetbutstillwatchingwilllikelybethelastdayonthewatchlisthttpspreviewreddit4zx2m6vb693e1pngwidth1018formatpngautowebps4a21bb0da12690cc468d751c0091831349fe31cetslahttpsfinvizcomquoteashxttslapd\dropsyesterdayonnewsofpossibleexclusionfromcaliforniasevtaxcreditsstillinterestedtoseeifwecanbreakthehighsofthestock$363httpspreviewredditu31zxg2d693e1pngwidth1522formatpngautowebps4e66b6cb1c97484fb5157ab888c9a401fc5eea77zmhttpsfinvizcomquoteashxtzmpd\epsof$138vs$131expectedrevenueof$118bv$116bexpectedbeatguidanceexpectationsofwellandcitedreleaseofapremiumcustomaicompanionthatcanconnecttoworkdayandservicenowhttpspreviewreddit8dp1sh5e693e1pngwidth1548formatpngautowebps729891bd6e31a48970d2fddc3ee67825569026b0ionqmostofthequantumcomputingstockshavebeenonatearlatelybeeninterestedinboththeparabolicandlargernamesearningsdellhttpsfinvizcomquoteashxtdellpdcrwdhttpsfinvizcomquoteashxtcrwdpdwdayhttpsfinvizcomquoteashxtwdaypdadskhttpsfinvizcomquoteashxtadskpd,2024-11-26 14:06:29,19,2
StockMarket,didanyoneseewhathappenedtoquantumcomputingstocksthisweek,iwasbrowsingstocksonrobinhoodlastweekandranasavedsearchthatialwaysusedowndaily20stocksandisawqubtandqbtsonthereandistarteddoingsomeresearchonthemrecentlyihavedecidedtomovetolongtermpositionsandihavebeenverybullishonspacestockslikelunrandrklbigenuinelyfeellikespacewillbethefastestgrowingsectoroverthenextdecadeanywayiwenthomethatnightwatchedafewvideosonsomecoolstuffinquantumcomputingandsaidscrewitithinkimlongonquantumcomputingitseriouslywillchangeourworlddramaticallywhenweinevitablyfigureitoutsoithoughtitwasadealdumpedafewgrandintoqubtqbtsrgtiandionqapparentlyijusthadamazingtimingbecausethispastweekhasapparentlybeengreatforquantumresearchershavefiguredoutanimportantmilestoneincontrollingqubitsandamazonannouncedthattheywereinvesting$4bintotheirownquantumcomputerdwavequantumqbtscrackedastandardizedencryptiononabinarycomputerafewdaysagotootheresbeensomebigstepsintherightdirectiononquantumlatelyanywaytheyveallincreasedalmost100sincethenbutimgoingtoholdithinkitsgoingtochangetheworldexponentiallyanditmaybesoonerthanwethink,2024-11-26 02:26:16,124,71
StockMarket,whatthefisgoingonwith$nvdarightafterasuccessfulearningscall,,2024-11-27 15:29:26,0,83
StockMarket,aispendingisntslowingdownthemag7stocksarestillthebestbet,microsoftandgooglesparentcompanyalphabetarentgoingtostoppouringbillionsintochatbotsalthoughnvidiasawadipduetohighmarketexpectationsthelongtermoutlookforairemainsstrongwithchipsalesstillshowingimpressivegrowthwhiletherescompetitionfromamdtheoveralldemandforaichipsisskyrocketingthemag7remainsthekeygrowthdriverforaianalystspredictthesecompanieswillkeepgrowingwithcapitalspendingexpectedtosurgebydoubledigitsreachingnearly$300billionby2027accordingtofactsetnvidiabenefitsfromchipdemandwhilemetadrivesrevenuethroughadvertisingandeventhoughthemag7hasoutperformedthemarkettwicethesp500sgainstheirvaluationsarestillreasonablearound27timesexpectedearningsforthenext12monthsdownfromover30timesearlierthisyearandnearthemiddleoftheirhistoricalrangeaccordingtoevercoresoinshortkeepholdingon,2024-11-26 09:14:31,18,2
StockMarket,$dellearnings,iwantedtogeteveryonestakeondelldownnearly11afterhoursibought106sharesat1305duringtheirrecentrundidntselltodaybecauseiliketheirgrowthprospectswantedtoexitaround$150thecompanyseemssolidespeciallywithitsstrengthinenterprisesolutionsandcloudinfrastructureeventhoughconsumerpcsaleshavebeenanongoingproblemdespitethisdellhasbeendoublingdownonaidatacentersandhybridcloudwhichibelieveshouldsetthemupwellforgrowthin2025theyalsostandtobenefitfromsmcisissuesandnvidiasblackwellgpuspushingdemandfortheirinfrastructurewiththegrowingfocusonaiandenterprisetechitfeelslikedellcouldseesteadylongtermgrowthandbreakouttothat$150rangebyq22024thoughtsshouldicontinuetoholdorsellduringtheholidayrallymyportfoliotimehorizonisshortgivingiplantoliquidatejuly2024tobuyahouse,2024-11-26 23:30:49,0,5
StockMarket,whatcausedthemajorselldownacrossmajorworldindicesinearlyaugust,heyeveryoneihaverecentlystarteddivingintoworldindicesandlookingmorecloselyatthetrendsinglobalmarketsonethingthatcaughtmyattentionwasthesignificantselloffinearlyaugust2023thataffectedmajorindicesacrosstheglobefromwhatihavegatheredtherewereanumberoffactorsatplaybutiamcurioustohearyourthoughtsonwhatreallydrovethemarketdownturnwasitmostlyduetoeconomicdatalikeinflationbondyieldsgeopoliticaltensionsorsomethingelseihavebeenreadingabouttheimpactofusinflationrisingbondyieldsandconcernsoverchinaseconomicslowdownbutiwouldlovetohearfromotherswhohavemoreexperiencewiththiswhatdoyouthinkcausedthismajorselloffandhowdiditaffectdifferentglobalindiceslookingforwardtohearingyourinsights,2024-11-26 22:53:02,0,4
StockMarket,shopify$shopisup55thisyearcanitkeepgoing,shopifyhashadahugeyearwithitsstocksurging55in2024sofarhereswhatsdrivingthegrowthstrongearningsq3revenuejumped26yoyto$216bandepscrushedexpectationsat$064expansionshopifyisgaininggroundinnewmarketsandindustriesinnovationinvestmentsinaianddatacentersareboostingitscapabilitiesanalystupgradesseveralhavemoved$shoptoastrongbuythecompanysfuturelooksbrightbuthighvaluationsandcompetitionareworthwatchingareyouholding$shoporisittimetotakeprofitsreadmorehttpswealthawesomecomshopifyisup55thisyearcanitkeepgoing,2024-11-26 08:40:32,5,4
StockMarket,dailygeneraldiscussionandadvicethreadnovember262024,haveageneralquestionwanttooffersomecommentaryonmarketsmaybeyouwouldjustliketothrowoutaneatfactthatdoesntwarrantaselfpostfeelfreetopostherex200bifyourquestionisihave$10000whatdoidoorotheradviceformypersonalsituationquestionsyoushouldincluderelevantinformationsuchasthefollowingx200b\howoldareyouwhatcountrydoyoulivein\areyouemployedmakingincomehowmuch\whatareyourobjectiveswiththismoneybuyahouseretirementsavings\whatisyourtimehorizondoyouneedthismoneynextmonthnext20yrs\whatisyourrisktolerancedoyoumindriskingitatblackjackordoyouneedtoknowits100safe\whatareyoucurrentholdingsdoyoualreadyhaveexposuretospecificfundsandsectorsanyotherassets\anybigdebtsincludeinterestrateorexpenses\andanyotherrelevantfinancialinformationwillbeusefultogiveyouaproperanswerbeawarethattheseanswersarejustopinionsofredditorsandshouldbeusedasastartingpointforyourresearchyoushouldstronglyconsiderseeingaregisteredinvestmentadviserifyouneedprofessionalsupportbeforemakinganyfinancialdecisions,2024-11-26 10:00:57,2,1
StockMarket,thesearethestocksonmywatchlist1125,hiiamanexpropshopequitytraderthisisadailywatchlistfortradingimighttradeallnoneofthestockslistedandevenstocksnotlistedionlyholdsomeallmag7stocksandmarketindiceslongtermifyouuseoldredditclickshowimagesatthetoptoexpandthechartsanypositionsstatedarentrecommendationsimfollowingsubredditrulestodisclosepositionsiuseibkrtwsformyplatformandchartsiamtargetingpotentiallygoodcandidatestodaytradeihavenoopiniononthemasinvestmentsthismeansthepotentialofthestockmovingtodayiswhatmakesitinterestingnotthebusinesslongtermprospectsorthepeopleinvolvedpleaseaskspecificquestionsandpleasedontaskaboutearningsbecauseitypicallydonttakepositionsbeforeearningsannouncementsquestionslikethoughtson\\\\\orwhyisnt\\\onthewatchlistorsomethingansweredalreadywillbeignoredunlessyouadddetailandyouropinionifyoupostaquestionanddeleteitafteriansweritiwillblockyoudoingthathurtsdiscussioniamnotansweringquestionsifimstilllongorshortastockbeyondwhatiupdatenewsmacysdelaysearningsreportpendingemployeeinvestigationhttpswwwbloombergcomnewsarticles20241125macysdelaysearningsreportpendingemployeeinvestigationsavahttpsfinvizcomquoteashxtsavapd\alzheimersdiseasetrialfailstomeetgoalsphase3trialsendedthisisadeathblowforthecompanysprimarybusinessfocushttpspreviewreddit37uepex9323e1pngwidth1516formatpngautowebps3029f1ac58f3da75f9e50890863c1f3b0f9f8139bhvnhttpsfinvizcomquoteashxtbhvnpd\updatesontaldefgrobepdrugonspinalmuscularatrophyobesityprimaryendpointdidntreachstatisticalsignificancehttpspreviewreddit7qm9150b323e1pngwidth1537formatpngautowebps2ae0eb08ae56ec08bf14068dabd8ebac2ec2fe91srrkhttpsfinvizcomquoteashxtsrrkpd\upasaresultofbhvnfailingtheyweretheprimarycompetitionhttpspreviewreddit1cmawb7c323e1pngwidth1531formatpngautowebps7d3d133e28206c6b468df1762b6ec3d66b48b64amstrhttpsfinvizcomquoteashxtmstrpd\watching$450leveltotheupsidebutthiscouldfranklygoanywherehttpspreviewreddit6v7epu6d323e1pngwidth1531formatpngautowebps9ff1b48d1ccaca5de691ee47a6642c58cdcc9eadintchttpsfinvizcomquoteashxtintcpd\intelandthecommercedepartmentaresupposedlyfinalizing$8bchipsactgranthttpspreviewredditr0pno35e323e1pngwidth1531formatpngautowebps4d2e05feb1c7dedd5315cdb64ccf5143447a899cearningszmhttpsfinvizcomquoteashxtzmpd,2024-11-25 14:16:57,26,13
StockMarket,goldmansrubnersaysusstocksaresettorallyintoyearendbloomberg,,2024-11-25 13:22:13,23,7
StockMarket,howarepricetargetscalculatedhowaccuratearethey,thereareacouplestocksthatimfollowingthathaveextremelyhighpricetargetsforthenext12monthsvariousplacesonlinearesayingthattheyexpectthemtoraisemorethan1200howisthiscalculatedhowaccuratearethesepredictionsiuseastockalarmsoidontmisswhenastockskyrocketsorapumpanddumpandiunderstandthatthesearepennystocksandtheresaddedriskbutwhyarentmorepeopleinvestinginstockslikethathowcantheypossiblypredictthatthestockwillraisemorethan1000arepeoplejustmorecomfortablewithinvestinginastockthatcouldgivethem5backinayearmorethanthepossibilityofincreasingby1000newtoallofthissoiappreciatethefeedback,2024-11-25 16:08:06,3,6
StockMarket,dailygeneraldiscussionandadvicethreadnovember252024,haveageneralquestionwanttooffersomecommentaryonmarketsmaybeyouwouldjustliketothrowoutaneatfactthatdoesntwarrantaselfpostfeelfreetopostherex200bifyourquestionisihave$10000whatdoidoorotheradviceformypersonalsituationquestionsyoushouldincluderelevantinformationsuchasthefollowingx200b\howoldareyouwhatcountrydoyoulivein\areyouemployedmakingincomehowmuch\whatareyourobjectiveswiththismoneybuyahouseretirementsavings\whatisyourtimehorizondoyouneedthismoneynextmonthnext20yrs\whatisyourrisktolerancedoyoumindriskingitatblackjackordoyouneedtoknowits100safe\whatareyoucurrentholdingsdoyoualreadyhaveexposuretospecificfundsandsectorsanyotherassets\anybigdebtsincludeinterestrateorexpenses\andanyotherrelevantfinancialinformationwillbeusefultogiveyouaproperanswerbeawarethattheseanswersarejustopinionsofredditorsandshouldbeusedasastartingpointforyourresearchyoushouldstronglyconsiderseeingaregisteredinvestmentadviserifyouneedprofessionalsupportbeforemakinganyfinancialdecisions,2024-11-25 10:01:31,2,4
StockMarket,vanguardisthesecondlargestinstitutionalholderofmicrostrategynearlydoubleblackrocksposition,,2024-11-24 18:06:44,33,24
StockMarket,mostvaluablelessonsilearnedfromstockmarket,1dca2dontpickshitstocksstickwiththebestnames3dontplayoptionsever4diversifyeveryoneandtheirownwayofdoingthisfindwhichwayworksbestforyou5dontthinkaboutgettingrichovernightittakesyearsofdcaandscalingintoabiggerportfolioandalsowhereyouwillseebestresults510years6alwaysfocusonmaxingrothirabeforebrokerage7whysettleforthe2ndbestwhenyoucanbuythebestexamplenvdaconsistentlyoutperformedamd8youshouldhavelessthan30ihavelessthan10stocksoverallyoudontwant300stocksworthafewdollarswhenyoucanhave10or30worthafewthousand,2024-11-23 19:17:48,284,113
StockMarket,dailygeneraldiscussionandadvicethreadnovember242024,haveageneralquestionwanttooffersomecommentaryonmarketsmaybeyouwouldjustliketothrowoutaneatfactthatdoesntwarrantaselfpostfeelfreetopostherex200bifyourquestionisihave$10000whatdoidoorotheradviceformypersonalsituationquestionsyoushouldincluderelevantinformationsuchasthefollowingx200b\howoldareyouwhatcountrydoyoulivein\areyouemployedmakingincomehowmuch\whatareyourobjectiveswiththismoneybuyahouseretirementsavings\whatisyourtimehorizondoyouneedthismoneynextmonthnext20yrs\whatisyourrisktolerancedoyoumindriskingitatblackjackordoyouneedtoknowits100safe\whatareyoucurrentholdingsdoyoualreadyhaveexposuretospecificfundsandsectorsanyotherassets\anybigdebtsincludeinterestrateorexpenses\andanyotherrelevantfinancialinformationwillbeusefultogiveyouaproperanswerbeawarethattheseanswersarejustopinionsofredditorsandshouldbeusedasastartingpointforyourresearchyoushouldstronglyconsiderseeingaregisteredinvestmentadviserifyouneedprofessionalsupportbeforemakinganyfinancialdecisions,2024-11-24 10:00:57,2,1
StockMarket,eversincemileisteppedintopowermyargentinianstockshavebeen,anyoneelseinvestedintoargentina,2024-11-22 17:25:49,635,127
StockMarket,ivebeenhearingyoudontwannahavetoomanydifferentstocksandwanttoslimdownandkeepitsimplethoughtsonhowishouldapproachthatwithmyportfolio,anywisewordsherejustholdsellsomestuffandreinvestinmybiggerstuffanyadviceisappreciated,2024-11-24 07:56:39,0,22
StockMarket,thoughtsonthisallocationaitheme,coreaiinvestmentnvidianvda4cloudserviceprovidersamazonamzn5googlegoogl5metameta3enterpriseaiadoptionsalesforcecrm3softwaresnowflakesnow2datacenterandhardwaredelldell10supermicrosmci7hphpq3microntechnologymu3tssinctssi2aristanetworksincanet2semiconductorstsmctsm3marvellmrvl2asmlasml3foxconnfxcof2consumergoodscostcocost8cavacava3mediaspotifyspot2redditrddt2spacerocketlabrklb2powerandthermalmanagementeatoncorporationetn3emersonelectriccoemr3hubbellincorporatedhubb3camecocorporationccj3quantaservicesincpwr2vertivvrt2nuclearenergysupportingaiinfrastructureconstellationenergycorpceg2talenenergycorporationtln2nuscalepowercorporationsmr2okloincoklo2,2024-11-23 05:23:00,23,35
StockMarket,unitedairlinesboughtduringpandemicsellorkeeplonger,,2024-11-22 17:26:54,49,31
StockMarket,dailygeneraldiscussionandadvicethreadnovember232024,haveageneralquestionwanttooffersomecommentaryonmarketsmaybeyouwouldjustliketothrowoutaneatfactthatdoesntwarrantaselfpostfeelfreetopostherex200bifyourquestionisihave$10000whatdoidoorotheradviceformypersonalsituationquestionsyoushouldincluderelevantinformationsuchasthefollowingx200b\howoldareyouwhatcountrydoyoulivein\areyouemployedmakingincomehowmuch\whatareyourobjectiveswiththismoneybuyahouseretirementsavings\whatisyourtimehorizondoyouneedthismoneynextmonthnext20yrs\whatisyourrisktolerancedoyoumindriskingitatblackjackordoyouneedtoknowits100safe\whatareyoucurrentholdingsdoyoualreadyhaveexposuretospecificfundsandsectorsanyotherassets\anybigdebtsincludeinterestrateorexpenses\andanyotherrelevantfinancialinformationwillbeusefultogiveyouaproperanswerbeawarethattheseanswersarejustopinionsofredditorsandshouldbeusedasastartingpointforyourresearchyoushouldstronglyconsiderseeingaregisteredinvestmentadviserifyouneedprofessionalsupportbeforemakinganyfinancialdecisions,2024-11-23 10:00:47,1,0
StockMarket,thesearethestocksonmywatchlist1122,hiiamanexpropshopequitytraderthisisadailywatchlistfortradingimighttradeallnoneofthestockslistedandevenstocksnotlistedionlyholdsomeallmag7stocksandmarketindiceslongtermifyouuseoldredditclickshowimagesatthetoptoexpandthechartsanypositionsstatedarentrecommendationsimfollowingsubredditrulestodisclosepositionsiuseibkrtwsformyplatformandchartsiamtargetingpotentiallygoodcandidatestodaytradeihavenoopiniononthemasinvestmentsthismeansthepotentialofthestockmovingtodayiswhatmakesitinterestingnotthebusinesslongtermprospectsorthepeopleinvolvedpleaseaskspecificquestionsandpleasedontaskaboutearningsbecauseitypicallydonttakepositionsbeforeearningsannouncementsquestionslikethoughtson\\\\\orwhyisnt\\\onthewatchlistorsomethingansweredalreadywillbeignoredunlessyouadddetailandyouropinionifyoupostaquestionanddeleteitafteriansweritiwillblockyoudoingthathurtsdiscussioniamnotansweringquestionsifimstilllongorshortastockbeyondwhatiupdatemainlyearningsandmstrtodaynewsusprobesjpmorganstiestoiranianoilkingpinshedgefundhttpswwwbloombergcomnewsarticles20241122usprobesjpmorganstiestoiranianoilkingpinshedgefundmstrhttpsfinvizcomquoteashxtmstrpd\watching$400levelcurrentlyshortbutwillcoveriftheassethits$100korifwereach$420httpspreviewreddit3y3krrcylg2e1pngwidth1522formatpngautowebps69306c12813cf97b3af11fbc48609d45b89b3b30gaphttpsfinvizcomquoteashxtgappd\raisesfy24outlookforsalesandoperatingincomegrowthepsof72vs58expectedrevenueof$383bvs381bexpectedcitesstrengthduetoholidaysaleshttpspreviewredditos6igdbzlg2e1pngwidth1536formatpngautowebps124b4e14c3eb1c478b00ee713d947d6f0b34fcb6satshttpsfinvizcomquoteashxtsatspd\directtvconfirmsthattheyarenotacquiringsatsvideodistributionbusinesshttpspreviewreddit9k9h1af0mg2e1pngwidth1534formatpngautowebpsbf11f4d64b871062f89388695bc703bd0cf2e83ereplhttpsfinvizcomquoteashxtreplpd\receivesbreakthroughtherapydesignationfortreatmentofadvancedmelanomahttpspreviewredditfoayv8l1mg2e1pngwidth1528formatpngautowebps2517aa2b9c8d41707340283a8a4fbbd957ffaba2estchttpsfinvizcomquoteashxtestcpd\epsof59vs38expectedrevenueof$365mvs$352mexpectedsalesincreased18yoyhttpspreviewredditirbemfr2mg2e1pngwidth1534formatpngautowebps1baae6ccec552285fe45115476dfea5c66f18dda,2024-11-22 14:02:43,16,14
StockMarket,anunusualproblemallthestocksiboughtthisyearwentinstantlyupandimdisappointedbecauseikeptalotofcashwaitingforcorrectionsnoneofwhichhappenednowtheyareallexpensivetomeiamstuckholding50incashihatedca,allstocksareboughtthisyearsinceistartedinvestingthisyeariboughtdisneytwomonthsagopracticallyatthebottomfor$90expecting2530growthinaroundayearbutnowitsalreadyat$115iboughtunitedairlinesfor$51fourmonthsagopracticallyrightbeforethespikenowits$90atthesametimeboughtdeltaairlinesfor45$nowis64$butsoldat54$iboughtarcherinmayatthebottomfor$320nowitsat$60evenbeforethespikeisold70ofarchersharesexpectingtobuythemforlesslaterfivedaysafterthesaletheydoubledboughtjobyatthesametimefor57nowis71iamconvincedofthelongtermsuccessofthesetwocompaniesboughtqqqinmarchnowis15upandexpensiveplanedtobuyinnovemberlastyearbutdidnothavethemoneythemostoftheportfolioandnowcomesthemostimportantthingbecauseofwhichigotpissedoffinaugustboughtrklbat57now23andboughtlunrat52now14iwasextremelyconvincedofthelongtermsuccessofrklbandlunrbeforeievenheardtherewasawsbsubredditandbeforeievenheardtheywerepopularstocksthatwasmyinternalresearchunrelatedtostockmarkettrendsmyplanwastobuythemforlongtermholdingatleast10yearsrklbwasmymainplannedinvestmentforlunriwasntsosureaboutthelongtermsuccessbuticertainlywasfortheshorttermiwas100sureaboutrklbiwantedthebestpossibleentrypositionboughtrklbfor57andlunrfor52howeverionlyinvestedsmallpercentoftheplannedsumbecauseiwantedtocontinuebuyingforlessiwaitedwaitedexpectingsomekindofcorrectionbutafteriboughtthemtheyimmediatelywentparabolicandiwasgettingmoreandmoreangryanddidntwanttobuyuntiltheyfellsignificantlytheydidnotfallbutonlywentupievensold30ofrklbandlunrat$11and$81expectingacorrectionsoicouldbuymoresharesforlesssoireducedthenumberofsharesevenmorefivedaysafterthesalethisbiggestspikefollowedfrom11to22andfrom8to14whileotherscantwaittoseetheirsharesgrowiwaspissedoffwitheverymovementupbecauseiwaslosingthechancetobuythematalowerpriceandicertainlyexpectedthatsuccessjustnotthisfastnowimleftwith50ofmymoneyincashandonlyatotalof4ofmyportfolioinrklbandlunrsorklblunrachrandjobyareforlongtermqqqincludedtherestuntiltheyrecovertherestofportfolioallboughtlastweekisasmlboughtlastweekat621e3ofportfoliopddholdingsandbaiduboughtcoupledaysagoat105$and82$totalof35ofportfolioalsogooglebougttwodaysagoat168$iamplaningnikeandalibabanextdaysalsoboughtplanetlabsinaugustatthebootomfor21nowis35soldat23becauseiwasnotsureinlongtermsuccesstendaysafterthesalewentdoublesomeonewouldsaythatididverywellbutiamextremelydissatisfiedbecausethemostimportantplannedinvestmentsrklbandthenachrgotawayfrommeieionlyhave3percentofthetotalportfoliointhemandonly6inrklbachrlunrandjobywhichweremymainlongtermtargetsenglishisnotmynativelanguagesoiapologizeforthemistakes,2024-11-23 13:28:53,0,38
StockMarket,my10worstperformerssofarstartedonoct252023,letmeknowifishouldpostmy6besttmusandnxtarenewformecostcoisoldijusthavefewcentsintheaccounttrackingpricethisdoesntincludedividendssinceididntstartreinvestingdividendsuntilrecently,2024-11-22 00:50:22,53,84
StockMarket,japansoctoberheadlineinflationratefallsbuteconomistsstillseebojratehikeonthetable,,2024-11-22 02:00:13,19,3
StockMarket,interestingchartthebiggesteventsofthepast100yearsandhowtheyaffectedthestockmarket,,2024-11-22 00:55:39,21,3
StockMarket,dailygeneraldiscussionandadvicethreadnovember222024,haveageneralquestionwanttooffersomecommentaryonmarketsmaybeyouwouldjustliketothrowoutaneatfactthatdoesntwarrantaselfpostfeelfreetopostherex200bifyourquestionisihave$10000whatdoidoorotheradviceformypersonalsituationquestionsyoushouldincluderelevantinformationsuchasthefollowingx200b\howoldareyouwhatcountrydoyoulivein\areyouemployedmakingincomehowmuch\whatareyourobjectiveswiththismoneybuyahouseretirementsavings\whatisyourtimehorizondoyouneedthismoneynextmonthnext20yrs\whatisyourrisktolerancedoyoumindriskingitatblackjackordoyouneedtoknowits100safe\whatareyoucurrentholdingsdoyoualreadyhaveexposuretospecificfundsandsectorsanyotherassets\anybigdebtsincludeinterestrateorexpenses\andanyotherrelevantfinancialinformationwillbeusefultogiveyouaproperanswerbeawarethattheseanswersarejustopinionsofredditorsandshouldbeusedasastartingpointforyourresearchyoushouldstronglyconsiderseeingaregisteredinvestmentadviserifyouneedprofessionalsupportbeforemakinganyfinancialdecisions,2024-11-22 10:01:06,2,2
StockMarket,thesearethestocksonmywatchlist1121,hiiamanexpropshopequitytraderthisisadailywatchlistfortradingimighttradeallnoneofthestockslistedandevenstocksnotlistedionlyholdsomeallmag7stocksandmarketindiceslongtermifyouuseoldredditclickshowimagesatthetoptoexpandthechartsanypositionsstatedarentrecommendationsimfollowingsubredditrulestodisclosepositionsiuseibkrtwsformyplatformandchartsiamtargetingpotentiallygoodcandidatestodaytradeihavenoopiniononthemasinvestmentsthismeansthepotentialofthestockmovingtodayiswhatmakesitinterestingnotthebusinesslongtermprospectsorthepeopleinvolvedpleaseaskspecificquestionsandpleasedontaskaboutearningsbecauseitypicallydonttakepositionsbeforeearningsannouncementsquestionslikethoughtson\\\\\orwhyisnt\\\onthewatchlistorsomethingansweredalreadywillbeignoredunlessyouadddetailandyouropinionifyoupostaquestionanddeleteitafteriansweritiwillblockyoudoingthathurtsdiscussioniamnotansweringquestionsifimstilllongorshortastockbeyondwhatiupdatemainlyearningsandmstrtodaynewsbuffett$325billioncashhoardisanearlywarningsignalhttpswwwbloombergcomopinionarticles20241121buffetts325billioncashhoardisanearlywarningsignalnvdahttpsfinvizcomquoteashxtnvdapd\epsof81vs74revenueof$351bvs$332boverallslightlyuphttpspreviewredditxnm5mdjni92e1pngwidth1525formatpngautowebps99309bb8c36ac5b33cd382dd93b989e6301e1716smcihttpsfinvizcomquoteashxtsmcipd\mentionedinnvdaearningsaskeypartnerhttpspreviewredditigr0vhbmi92e1pngwidth1531formatpngautowebpse71a64f3741bce0269d7988d1ca6651fffd3d0ecmstrhttpsfinvizcomquoteashxtmstrpd\watchingthe$550levelcurrentlyshortmarginallyhttpspreviewredditkfsti3wki92e1pngwidth1525formatpngautowebpse8936d49e0864c9e15df6b5d291e19f22f2f5896snowhttpsfinvizcomquoteashxtsnowpd\announcedmultiyearpartnershipwithanthrophictosnowsaidatacloud$9421minrevenuevs$9003mexpnetlossof$3279mvs$3295exphttpspreviewredditbn0a4wjoi92e1pngwidth1525formatpngautowebpsb85b56c3a6d02695b4aec8c265a11086391e50b3pddhttpsfinvizcomquoteashxtpddpd\citesweaknessduetohigherunemploymentamongchineseyouthandpropertysectorcrisisrevenueof9935byvs1016byexpectedepsof423yvs445yhttpspreviewreddit41lqr1ppi92e1pngwidth1536formatpngautowebps68e403a49a478259140aa359e0babdc77dc76f8aearningsintuhttpsfinvizcomquoteashxtintupdgaphttpsfinvizcomquoteashxtgappd,2024-11-21 14:11:02,66,41
StockMarket,ivebeencovering$nvdasince2011whenitwasworthjust$035persharepostsplitadjustedthatisamaaboutitslatestearningsreport,updatelookslikeweranintositewideissuerightwhenthingsgotstartedillbebackatnoonettotrythisagainhiimdanhowleythetecheditoratyahoofinanceandnvidiahasseeminglybeenattheforefrontofvirtuallyeverythingivecoveredsincechatgpthitthescenein2022ivebeencoveringthetechspacefor13yearsandtrackingnvidiaforevenlongeribuiltmyfirstdesktoppcwithannvidiagraphicscardinhighschoolandhavecontinuedusingitsproductseversincenowilikeeveryoneelseamfocusedonnvidiasaieffortsfromreportingonhowtheyredealingwiththethreatofincreasedcompetitionhttpsfinanceyahoocomnewsnvidiasrivalsarecirclingbuttheyrestillyearsfromcatchingup211621835htmltoattendingthecompanysgtcconferencehttpsfinanceyahoocomnewsnvidiadebutsnextgenerationblackwellaichipatgtc2024205825161htmltochattingwithceojensenhuangalongsidemycolleaguejuliehymanhttpsfinanceyahoocomnewsdemandisjustsostrongnvidiaceojensenhuangtellsyahoofinancesupplycantkeepup012653951htmlwithaisettodominatethetechlandscapefortheforeseeablefuturenvidiaschipswillonlybecomemoreimportanttotheindustrybutrivalslikeamdaregainingsteamhttpsfinanceyahoocomnewsamddebutslatestaichipsasitbattlesrivalsnvidiaintel180032426htmlandnvidiasowncustomersarebuildingchipsoftheirowntoreducetheirdependenceonthegraphicscardgianthowthatplaysoutoverthenextfewyearsisanyonesguessintodaysfiscal2025thirdquarterearningsreportnvidiabeatanalystsexpectationsonthetopandbottomlinesonthestrengthofsalesofitshighpoweredaichipsrevenue$3508bvs$332bexpectedadjustedeps$081vs$074expecteddatacenterrevenue$308bvs$29bexpectednvidiaalsosaiditanticipatesrevenueof$375billionplusorminus2forthefiscalfourthquarterthatsjustaheadofwallstreetexpectationsof$37billionillbebacktomorrownov21at10amettoansweryourquestionsaboutnvidiaslatestearningsthemarketreactionandwherethestockgoesfromherehttpspreviewredditvbwydiv2i42e1jpgwidth5712formatpjpgautowebps9e7248fe5c9c5325d5ddc9ac9a046ade03373c93thatdoesitformefortodaythankssomuchforaskingquestionseveryoneitsbeenanabsoluteblastifyouwanttofollowmytechcoverageivegotaweeklynewsletterthatyoucansignupforheresignupfortheyahoofinanceweekintechnewsletterhttpspreferencesnewslettersyahoonetsubscribefinancetechncid366tsrc366ncidcrm1410821202409251btuseridmr7cq8gbsov6k8r5o6dqwsd8mroarct8lrg9zz12fpepe5dyo67kjeyfk91mnky38hkzggbutlolt6satizisu5i92frmdsgfsavy5ysjlser9vp7wmahqxh4mbfn6zrnfbtts1727295067360,2024-11-20 21:28:07,171,106
StockMarket,dailygeneraldiscussionandadvicethreadnovember212024,haveageneralquestionwanttooffersomecommentaryonmarketsmaybeyouwouldjustliketothrowoutaneatfactthatdoesntwarrantaselfpostfeelfreetopostherex200bifyourquestionisihave$10000whatdoidoorotheradviceformypersonalsituationquestionsyoushouldincluderelevantinformationsuchasthefollowingx200b\howoldareyouwhatcountrydoyoulivein\areyouemployedmakingincomehowmuch\whatareyourobjectiveswiththismoneybuyahouseretirementsavings\whatisyourtimehorizondoyouneedthismoneynextmonthnext20yrs\whatisyourrisktolerancedoyoumindriskingitatblackjackordoyouneedtoknowits100safe\whatareyoucurrentholdingsdoyoualreadyhaveexposuretospecificfundsandsectorsanyotherassets\anybigdebtsincludeinterestrateorexpenses\andanyotherrelevantfinancialinformationwillbeusefultogiveyouaproperanswerbeawarethattheseanswersarejustopinionsofredditorsandshouldbeusedasastartingpointforyourresearchyoushouldstronglyconsiderseeingaregisteredinvestmentadviserifyouneedprofessionalsupportbeforemakinganyfinancialdecisions,2024-11-21 10:00:54,2,3
StockMarket,thesearethestocksonmywatchlist1120,hiiamanexpropshopequitytraderthisisadailywatchlistfortradingimighttradeallnoneofthestockslistedandevenstocksnotlistedionlyholdsomeallmag7stocksandmarketindiceslongtermifyouuseoldredditclickshowimagesatthetoptoexpandthechartsanypositionsstatedarentrecommendationsimfollowingsubredditrulestodisclosepositionsiuseibkrtwsformyplatformandchartsiamtargetingpotentiallygoodcandidatestodaytradeihavenoopiniononthemasinvestmentsthismeansthepotentialofthestockmovingtodayiswhatmakesitinterestingnotthebusinesslongtermprospectsorthepeopleinvolvedpleaseaskspecificquestionsandpleasedontaskaboutearningsbecauseitypicallydonttakepositionsbeforeearningsannouncementsquestionslikethoughtson\\\\\orwhyisnt\\\onthewatchlistorsomethingansweredalreadywillbeignoredunlessyouadddetailandyouropinionifyoupostaquestionanddeleteitafteriansweritiwillblockyoudoingthathurtsdiscussioniamnotansweringquestionsifimstilllongorshortastockbeyondwhatiupdatetodaylookstobethedaythatthemarketexperiencessomeminorpullbacklargelywatchingthesamemomentumstocksihaveforthepastfewdaysnewstargettrimsprofitoutlookoninventorybuilduphighercostshttpswwwbloombergcomnewsarticles20241120targettgttrimsprofitoutlookoninventorybuilduphighercostsnvdahttpsfinvizcomquoteashxtnvdapd\todaysearningsnobiasbutwatching$150levelatearningsnoopiniononearningshttpspreviewreddit3gpp30aae22e1pngwidth1015formatpngautowebps19ebf1ecfc87e2dce339663262db87feb2188ce1mstrhttpsfinvizcomquoteashxtmstrpd\watchingboththe$450and$500levelpremiumis\3xcomparedtobitcoinholdingssonotgoingtoholdthislongtermifitradeitlonghttpspreviewredditjofncs6ce22e1pngwidth1015formatpngautowebpsfb613b763214ce72530d12f8a941facaa221fafctgthttpsfinvizcomquoteashxttgtpd\epsof$185vs$230exprevenueof2567bvs2587bloweredfyepsoutlookbrutalearningswatching$125levelalsowatchingwmtduetothedivergencewevehadfromearningshttpspreviewreddite0w09q8ee22e1pngwidth1533formatpngautowebpsb06dbab321c05cc8f61cdf0e091a705530565165hoodhttpsfinvizcomquoteashxthoodpd\acquiringinvestmentadvisorplatformtradepmrfor$300mhttpspreviewreddit8g80kicfe22e1pngwidth1018formatpngautowebps1395420033dcec14c12edf11a2e63a596b489b26riothttpsfinvizcomquoteashxtriotpdmarahttpsfinvizcomquoteashxtmarapdclskhttpsfinvizcomquoteashxtclskpd\watchingallthebitcoinminersasproxiesduetomstrhttpspreviewreddite9pfjigge22e1pngwidth1020formatpngautowebps5993e255ec54e62919d33e4d90929f8158c3210dearningsnvdahttpsfinvizcomquoteashxtnvdapdsnowhttpsfinvizcomquoteashxtsnowpdpanwhttpsfinvizcomquoteashxtpanwpdjackhttpsfinvizcomquoteashxtjackpd,2024-11-20 14:14:44,10,17
StockMarket,resultsafterinvestingforthreemonthssofar,howamidoingsofaranycriticismoradvicewillgreatlybeappreciatedimlookingtobuysomegrowthandextradividendspharmamoreaistockssemiconductorsbeautyproductsbevsscmionwatchlistandnikestocksimalsoaholderofschdvooschgschxmstyconyspyijepqcvxcvsviciandpalantiraremymajorityholdingsportfolio6080dividendstocksand2040growthstocksmystrategyistosellhighonmygrowthstocksandthenreinvestedintomydividendsstocksnewfundsgoinginmonthlyorbiweeklywillbeoutintostocksthatarelowandbuynowthenrinsewashandrepeatisthereanythingishouldbeconcernedaboutafterigetdonepayingoffmystudentloansallofthoseextraincomewillbegoingtowardsmysavingsandmorefundinganyrecommendationsfor2025willbeappreciatedthanksiputthe$5welcomebonusintoqqqmforfuntysofi,2024-11-20 04:01:27,33,19
StockMarket,dailygeneraldiscussionandadvicethreadnovember202024,haveageneralquestionwanttooffersomecommentaryonmarketsmaybeyouwouldjustliketothrowoutaneatfactthatdoesntwarrantaselfpostfeelfreetopostherex200bifyourquestionisihave$10000whatdoidoorotheradviceformypersonalsituationquestionsyoushouldincluderelevantinformationsuchasthefollowingx200b\howoldareyouwhatcountrydoyoulivein\areyouemployedmakingincomehowmuch\whatareyourobjectiveswiththismoneybuyahouseretirementsavings\whatisyourtimehorizondoyouneedthismoneynextmonthnext20yrs\whatisyourrisktolerancedoyoumindriskingitatblackjackordoyouneedtoknowits100safe\whatareyoucurrentholdingsdoyoualreadyhaveexposuretospecificfundsandsectorsanyotherassets\anybigdebtsincludeinterestrateorexpenses\andanyotherrelevantfinancialinformationwillbeusefultogiveyouaproperanswerbeawarethattheseanswersarejustopinionsofredditorsandshouldbeusedasastartingpointforyourresearchyoushouldstronglyconsiderseeingaregisteredinvestmentadviserifyouneedprofessionalsupportbeforemakinganyfinancialdecisions,2024-11-20 10:00:52,3,5
StockMarket,noviceatchartreadingpotentialbreakoutonthe3mandyearlycharts,stilllearningdifferenttametricsbasedonmylimitedknowledgecouldthemacdandrsionthe3mandyearlychartbesignalingapotentialbreakout,2024-11-20 19:49:03,0,6
StockMarket,thesearethestocksonmywatchlist1119,hiiamanexpropshopequitytraderthisisadailywatchlistfortradingimighttradeallnoneofthestockslistedandevenstocksnotlistedionlyholdsomeallmag7stocksandmarketindiceslongtermifyouuseoldredditclickshowimagesatthetoptoexpandthechartsanypositionsstatedarentrecommendationsimfollowingsubredditrulestodisclosepositionsiuseibkrtwsformyplatformandchartsiamtargetingpotentiallygoodcandidatestodaytradeihavenoopiniononthemasinvestmentsthismeansthepotentialofthestockmovingtodayiswhatmakesitinterestingnotthebusinesslongtermprospectsorthepeopleinvolvedpleaseaskspecificquestionsandpleasedontaskaboutearningsbecauseitypicallydonttakepositionsbeforeearningsannouncementsquestionslikethoughtson\\\\\orwhyisnt\\\onthewatchlistorsomethingansweredalreadywillbeignoredunlessyouadddetailandyouropinionifyoupostaquestionanddeleteitafteriansweritiwillblockyoudoingthathurtsdiscussioniamnotansweringquestionsifimstilllongorshortastockbeyondwhatiupdatetodaylookstobethedaythatthemarketexperiencessomeminorpullbacklargelywatchingthesamemomentumstocksihaveforthepastfewdaysnewsg20summitinriodejaneirohttpswwwbloombergcomnewsliveblog20241119g20summitinriodejaneironov19smcihttpsfinvizcomquoteashxtsmcipd\announceditsubmittedalastminutebidtoregaincompliancewiththenasdaqstockexchangealsoannouncedhiringaccountingfirmbdoasanindependentauditorandexpectstostayontheexchangehttpspreviewreddit85mqnv10av1e1pngwidth1534formatpngautowebpsa49312e61760886c8f947f87017065bd6879b77bsymhttpsfinvizcomquoteashxtsympd\companyswingstoprofitabilityepsof005vs003equarterlyrevenueof$57676mvs$47027mwatching$40levelhttpspreviewredditdu0bdtjy9v1e1pngwidth1528formatpngautowebps2eed2e39ecbaaa8c4c17f800e4131be252aff10caihttpsfinvizcomquoteashxtaipd\announcesstrategicpartnershipformsftsazureplatformhttpspreviewredditwo2g8jax9v1e1pngwidth1015formatpngautowebpsf71de7718483c49060b8e8d0d69c6e20635c819fgrfshttpsfinvizcomquoteashxtgrfspd\brookfieldassetmanagementconsidering645beurobidforgrifolstransactioncommitteesaiditcouldntrecommendpricehttpspreviewredditqww0kc7w9v1e1pngwidth1014formatpngautowebps3cfe0bde514ade0596d40380193f3e9562e579f4wmthttpsfinvizcomquoteashxtwmtpd\raisedprofitforecastepsof58vs53expectedrevenueof$16959bvs$16772bexpectedcitedstrengthinecommerceandcomparablesaleshttpspreviewredditj1496yzu9v1e1pngwidth1015formatpngautowebpsee64e3e6f2b33fbee1ff089c630c3705380c656b,2024-11-19 14:17:33,16,10
StockMarket,25ffirsttimeinvestingstartinginaugustdoicashout,firsttimeinvestingmostlytoputsomemoneyawayimdoingwellbutwhatgoesupcangodownnotsurewhattodonowholdcashoutreinvestnotreallysure,2024-11-20 15:28:21,0,43
StockMarket,exyandexnbisenterstheusmarketwith$2bincashreserveslaunchingagpuclusterinkansascityandopeningofficesinsfdallasandnyc,aiinfrastructureprovidersfirstgpuclusterintheuswillservicecustomerworkloadsfromearly2025gpuclusterinkansascityhaspotentialcapacitytohouseuptoabout35thousandgpusafterexpansionnebiussnewcustomerhubsinsanfranciscoanddallashavebeenoperationalsinceseptemberthirdofficeinnewyorkcomingbyyearendhttpsgroupnebiuscomnewsroomnebiusexpandsinuswithfirstgpuclusterinkansascityofficesinsanfranciscodallasandnewyorkhttpsgroupnebiuscomnewsroomnebiusexpandsinuswithfirstgpuclusterinkansascityofficesinsanfranciscodallasandnewyork,2024-11-19 16:08:39,3,0
StockMarket,dailygeneraldiscussionandadvicethreadnovember192024,haveageneralquestionwanttooffersomecommentaryonmarketsmaybeyouwouldjustliketothrowoutaneatfactthatdoesntwarrantaselfpostfeelfreetopostherex200bifyourquestionisihave$10000whatdoidoorotheradviceformypersonalsituationquestionsyoushouldincluderelevantinformationsuchasthefollowingx200b\howoldareyouwhatcountrydoyoulivein\areyouemployedmakingincomehowmuch\whatareyourobjectiveswiththismoneybuyahouseretirementsavings\whatisyourtimehorizondoyouneedthismoneynextmonthnext20yrs\whatisyourrisktolerancedoyoumindriskingitatblackjackordoyouneedtoknowits100safe\whatareyoucurrentholdingsdoyoualreadyhaveexposuretospecificfundsandsectorsanyotherassets\anybigdebtsincludeinterestrateorexpenses\andanyotherrelevantfinancialinformationwillbeusefultogiveyouaproperanswerbeawarethattheseanswersarejustopinionsofredditorsandshouldbeusedasastartingpointforyourresearchyoushouldstronglyconsiderseeingaregisteredinvestmentadviserifyouneedprofessionalsupportbeforemakinganyfinancialdecisions,2024-11-19 10:00:59,7,6
StockMarket,howtohedgeagainstinflationthoughtsontheincomingadministration,ivebeenthinkingalotabouttheincomingadministrationspotentialimpactoninflationandtheeconomymanyoftrumpsproposedpoliciesstrikemeasinherentlyinflationaryherearesomekeypointsivebeenconsidering1massdeportationdisruptingthisworkforcewillalmostcertainlyinduceinflationbyincreasinglaborshortagesandraisingwagesincertainsectors2tariffstariffsareanotherconcerneveniftrumpwalksbacksomeofhiscampaignpromisestariffsarestillinflationary3cuttinggovernmentjobsspendingthisissuretocreateeconomicstrainthebigquestiongiventhesepotentialpolicieswhereshouldipositionmyselfinaninflationaryenvironmentequitiesequitiesareoftenconsideredahedgeagainstinflationbecausecompaniescanpasscostsontoconsumershousingalsotendstobeagoodhedgeaspropertyvaluesoftenkeeppacewithinflationhoweveratwhatpointdoessustainedinflationtriggeraneconomiccrashorasharpmarketselloffcashcashseemslikealosingpropositionduringinflationarytimesasitspurchasingpowererodesbutcouldtherebeamomentwhenthemarketcorrectionmakesholdingcashadvantageouswarrenbuffetseemstothinksotechstocksimotechstocksparticularlyb2bcompaniesmightbelessimpactedbytheseinflationarypressurestheyrelessreliantoncheaplaborandlessvulnerabletotariffsiftheresabroadmarketselloffidexpectthesptotakeahitinitiallybutithinktechmightseebreakoutslaterasinflationaryimpactsstabilizesowhatdoyouallthinkwherewouldyoupositionyourselfarethereothersectorsorstrategiesimoverlookingstealmanmyargument,2024-11-18 18:41:01,51,166
StockMarket,inlookingatthisincomestatementitwouldappearthateveryyearforlastseveralyearsthiscompanyshellsoutabigportionofitsincometominorityinterestwhereisthismoneygoingicantpostmoreofmyquestionherebecauseofthecharacterlimitillfollowupincomments,,2024-11-19 01:06:02,11,10
StockMarket,thesearethestocksonmywatchlist1118,hiiamanexpropshopequitytraderthisisadailywatchlistfortradingimighttradeallnoneofthestockslistedandevenstocksnotlistedionlyholdsomeallmag7stocksandmarketindiceslongtermifyouuseoldredditclickshowimagesatthetoptoexpandthechartsanypositionsstatedarentrecommendationsimfollowingsubredditrulestodisclosepositionsiuseibkrtwsformyplatformandchartsiamtargetingpotentiallygoodcandidatestodaytradeihavenoopiniononthemasinvestmentsthismeansthepotentialofthestockmovingtodayiswhatmakesitinterestingnotthebusinesslongtermprospectsorthepeopleinvolvedpleaseaskspecificquestionsandpleasedontaskaboutearningsbecauseitypicallydonttakepositionsbeforeearningsannouncementsquestionslikethoughtson\\\\\orwhyisnt\\\onthewatchlistorsomethingansweredalreadywillbeignoredunlessyouadddetailandyouropinionifyoupostaquestionanddeleteitafteriansweritiwillblockyoudoingthathurtsdiscussioniamnotansweringquestionsifimstilllongorshortastockbeyondwhatiupdatetodaylookstobethedaythatthemarketexperiencessomeminorpullbacklargelywatchingthesamemomentumstocksihaveforthepastfewdaysnewspowellmaybewaitinguntil2026forhousinginflationtocoolhttpswwwbloombergcomnewsarticles20241118powellmaybewaitinguntil2026forhousinginflationtocooltslahttpsfinvizcomquoteashxttslapd\pres47wantstorelaxselfdrivingrulesintheussharespoppeddecentlyonthenewswatching$350levelagainhttpspreviewreddit0np006tk4o1e1pngwidth1531formatpngautowebpsfa9922fa937544d5aeb1cf0f68be74e36db3cdbalbrthttpsfinvizcomquoteashxtlbrtpd\ceochriswrightwaspickedasenergysecretaryhttpspreviewredditc2dqmn2k4o1e1pngwidth1525formatpngautowebps8cc9be3cb9a7b4e4589e88bcf32c00357d01524ezetahttpsfinvizcomquoteashxtzetapd\smallbouncefromtheshortsellerreportlastweekceoexecsplantobuy$3minstockafterrejectingfalseclaimsthoughthiswouldtypicallysignalbullishnessidstillbecarefulofthisstockhttpspreviewredditnzcqjxui4o1e1pngwidth1539formatpngautowebps5744137552b5e505b746456081dec5dda2421753nvdahttpsfinvizcomquoteashxtnvdapd\smallselloffaheadofearningsonthe20thsupposedlyduetonvdablackwellaichipsoverheatinginservershttpspreviewredditanup690i4o1e1pngwidth1528formatpngautowebps0e08815f796d15fba41fe8226306f5914659ec7eallairlinesmightseeanothermoveinanyairlinestocksduetospiritdeclaringbankruptcyifanyannouncethattheyareacquiringassetsthenmightseeasmallpophttpspreviewreddits5vno7ug4o1e1pngwidth1018formatpngautowebps9f7ff1006b6e9343be08960adcead168c7354530earningssymhttpsfinvizcomquoteashxtsympdtcomhttpsfinvizcomquoteashxttcompdipostodayponyhttpsfinvizcomquoteashxtponypd,2024-11-18 14:14:22,27,31
StockMarket,newnvidiaaichipsoverheatinginserverstheinformationreports,,2024-11-17 19:12:15,84,27
StockMarket,dailygeneraldiscussionandadvicethreadnovember182024,haveageneralquestionwanttooffersomecommentaryonmarketsmaybeyouwouldjustliketothrowoutaneatfactthatdoesntwarrantaselfpostfeelfreetopostherex200bifyourquestionisihave$10000whatdoidoorotheradviceformypersonalsituationquestionsyoushouldincluderelevantinformationsuchasthefollowingx200b\howoldareyouwhatcountrydoyoulivein\areyouemployedmakingincomehowmuch\whatareyourobjectiveswiththismoneybuyahouseretirementsavings\whatisyourtimehorizondoyouneedthismoneynextmonthnext20yrs\whatisyourrisktolerancedoyoumindriskingitatblackjackordoyouneedtoknowits100safe\whatareyoucurrentholdingsdoyoualreadyhaveexposuretospecificfundsandsectorsanyotherassets\anybigdebtsincludeinterestrateorexpenses\andanyotherrelevantfinancialinformationwillbeusefultogiveyouaproperanswerbeawarethattheseanswersarejustopinionsofredditorsandshouldbeusedasastartingpointforyourresearchyoushouldstronglyconsiderseeingaregisteredinvestmentadviserifyouneedprofessionalsupportbeforemakinganyfinancialdecisions,2024-11-18 10:01:30,2,9
StockMarket,confusingchartsonbloombergtvtodayhowtointerpretwhatishappeningbeforeandaftertheverticaldashedlines,,2024-11-18 21:01:34,0,10
StockMarket,dailygeneraldiscussionandadvicethreadnovember172024,haveageneralquestionwanttooffersomecommentaryonmarketsmaybeyouwouldjustliketothrowoutaneatfactthatdoesntwarrantaselfpostfeelfreetopostherex200bifyourquestionisihave$10000whatdoidoorotheradviceformypersonalsituationquestionsyoushouldincluderelevantinformationsuchasthefollowingx200b\howoldareyouwhatcountrydoyoulivein\areyouemployedmakingincomehowmuch\whatareyourobjectiveswiththismoneybuyahouseretirementsavings\whatisyourtimehorizondoyouneedthismoneynextmonthnext20yrs\whatisyourrisktolerancedoyoumindriskingitatblackjackordoyouneedtoknowits100safe\whatareyoucurrentholdingsdoyoualreadyhaveexposuretospecificfundsandsectorsanyotherassets\anybigdebtsincludeinterestrateorexpenses\andanyotherrelevantfinancialinformationwillbeusefultogiveyouaproperanswerbeawarethattheseanswersarejustopinionsofredditorsandshouldbeusedasastartingpointforyourresearchyoushouldstronglyconsiderseeingaregisteredinvestmentadviserifyouneedprofessionalsupportbeforemakinganyfinancialdecisions,2024-11-17 10:00:57,3,1
StockMarket,tilarguablythegreatestscientistofalltimeisaacnewtonlostafortunestockpicking,,2024-11-15 15:37:27,2109,99
StockMarket,dailygeneraldiscussionandadvicethreadnovember162024,haveageneralquestionwanttooffersomecommentaryonmarketsmaybeyouwouldjustliketothrowoutaneatfactthatdoesntwarrantaselfpostfeelfreetopostherex200bifyourquestionisihave$10000whatdoidoorotheradviceformypersonalsituationquestionsyoushouldincluderelevantinformationsuchasthefollowingx200b\howoldareyouwhatcountrydoyoulivein\areyouemployedmakingincomehowmuch\whatareyourobjectiveswiththismoneybuyahouseretirementsavings\whatisyourtimehorizondoyouneedthismoneynextmonthnext20yrs\whatisyourrisktolerancedoyoumindriskingitatblackjackordoyouneedtoknowits100safe\whatareyoucurrentholdingsdoyoualreadyhaveexposuretospecificfundsandsectorsanyotherassets\anybigdebtsincludeinterestrateorexpenses\andanyotherrelevantfinancialinformationwillbeusefultogiveyouaproperanswerbeawarethattheseanswersarejustopinionsofredditorsandshouldbeusedasastartingpointforyourresearchyoushouldstronglyconsiderseeingaregisteredinvestmentadviserifyouneedprofessionalsupportbeforemakinganyfinancialdecisions,2024-11-16 10:00:57,3,2
StockMarket,thesearethestocksonmywatchlist1115,hiiamanexpropshopequitytraderthisisadailywatchlistfortradingimighttradeallnoneofthestockslistedandevenstocksnotlistedionlyholdsomeallmag7stocksandmarketindiceslongtermifyouuseoldredditclickshowimagesatthetoptoexpandthechartsanypositionsstatedarentrecommendationsimfollowingsubredditrulestodisclosepositionsiuseibkrtwsformyplatformandchartsiamtargetingpotentiallygoodcandidatestodaytradeihavenoopiniononthemasinvestmentsthismeansthepotentialofthestockmovingtodayiswhatmakesitinterestingnotthebusinesslongtermprospectsorthepeopleinvolvedpleaseaskspecificquestionsandpleasedontaskaboutearningsbecauseitypicallydonttakepositionsbeforeearningsannouncementsquestionslikethoughtson\\\\\orwhyisnt\\\onthewatchlistorsomethingansweredalreadywillbeignoredunlessyouadddetailandyouropinionifyoupostaquestionanddeleteitafteriansweritiwillblockyoudoingthathurtsdiscussioniamnotansweringquestionsifimstilllongorshortastockbeyondwhatiupdatetodaylookstobethedaythatthemarketexperiencessomeminorpullbacklargelywatchingthesamemomentumstocksihaveforthepastfewdaysnewsusretailsalesincreaseonautosinstarttoholidayseasonhttpswwwbloombergcomnewsarticles20241115usretailsalesincreaseonautosinstarttoholidayseasonultahttpsfinvizcomquoteashxtultapd\berkshirehathawayexitsmajorityofstakeincompanywatching$350levelworthnotingberkshirealsoenteredpooldpzhttpspreviewreddithpihnnd0r21e1pngwidth1020formatpngautowebpsa13f23d3308df01d741b42917839bf81b84b3981zetahttpsfinvizcomquoteashxtzetapd\smallbouncefromtheshortsellerreportonmondaynorealbiasinthisbutinterestedtoseehowthiswilltradetodayhttpspreviewredditjyizsj4zq21e1pngwidth1011formatpngautowebpsde0a7b22e0c6789f0bff025a93c471a5daad0221oklohttpsfinvizcomquoteashxtoklopd\pushedoperatingtimelineto2027financialearningsreportedyesterdaybutnotasimportantinthisasthedelayhttpspreviewreddit1ykuzax1r21e1pngwidth1018formatpngautowebps4c97bdf531ab57adddbab0b92320a439944c9649babahttpsfinvizcomquoteashxtbabapd\reportsrevenueof2365bvs2248bandepsof1506vs1493incnygainedmainlyduetogrowthinaialsoworthnotingburryislongchinacurrentlyhttpspreviewreddit71hil273r21e1pngwidth1533formatpngautowebps927f44a1603dc249401aa210d746dd5e1c9fb732amathttpsfinvizcomquoteashxtamatpd\reportedepsof$232vs219expectedrevenueof705bvs695bexpectedwatching$150levelhttpspreviewreddith3irgse4r21e1pngwidth1533formatpngautowebpsf945967e2ddebe3545dfe499ab9d18bfd57fa67d,2024-11-15 14:21:32,9,8
WallStreetBets,dailydiscussionthreadfornovember282024,thispostcontainscontentnotsupportedonoldredditclickheretoviewthefullposthttpsshredditcomrwallstreetbetscomments1h1tiim,2024-11-28 10:57:11,40,490
WallStreetBets,weeklyearningsthread11251129,,2024-11-22 15:07:30,192,1413
WallStreetBets,amidreaming$arch,,2024-11-27 21:10:03,717,114
WallStreetBets,godspeed$achrregardsienjoyedtheverticaltakeoffbutdeployedmyparachutetodayincasetheresaverticallandingsoon2200,stillletting20ridethewavealsonotpicturedisabout$30kmadescalpingweeklyotmcallsfromthetrueregardshere,2024-11-27 19:36:19,480,76
WallStreetBets,absolutelyhilariousandweallexperienceit,oneofthefunniestthingsisthecometojesusmomentswehaveiveseensomanyiveexperiencedafewmyselfbutwhatmakesitfunnyisthefirsttimewemakeanymoneyimeananyfromafewbucksto10baggerswefeellikewarrenbuffetthenovertimeaswestrayfromthefundamentalsandtakeonmoreriskweinevitablyloseitallthatswhenweadmitwehavegamblingaddictionnewsflashwereallgamblingaddictsgainsorlosesmeannothingownitacceptitliveityoueitherearnoryouretheprofithappythanksgivinggobblegobbleyoubunchofdegenerates,2024-11-27 20:59:46,253,83
WallStreetBets,whatareyourmovestomorrownovember282024,thispostcontainscontentnotsupportedonoldredditclickheretoviewthefullposthttpsshredditcomrwallstreetbetscomments1h1eqpz,2024-11-27 20:57:13,189,4067
WallStreetBets,ihavereasonstobelievethatrecursionrxrxwillbecamequitepopularinthenextmonth,ibelievethatinthefuturedrugswillbehighlycustomisablebasedonthepatienceshealthhistorybasedonyourmassweightsyndromesandgeneticsyoumayreceiveadrugthatiswellsuitedforyouandonlyyouhowcanyoudothatfirstandforemostyouneeddatahugeamountsofitweallknowhowgenerativeandpredictivemodelshadadvancedinthelastyearitwasntinfactuntilthelaunchofalphafoldbygooglewhoseteamwasrecentlyawardedwiththechemistrynobelprizethataidrugdiscoverybecameprominentthisopensourcemodelisusedformoleculardiscoveryagainwouldbeniceifacompanycould1generateproprietarysyntheticgoodqualitymoleculardatausingmodelslikealphafold2usingthisdatatotrainmodelsfordrugdiscoveryreducingpipelinescostsandtimesupto503eventuallywiththepossibilityofbringingthefirstaiaideddrugtothemarketfirsttwopointshavebeenachievedandthecompanyisrecursionwemayknowthembecausenvidiainvested50minthemwhythenareatatlithinktheansweristimeweallknowthereisnoroomforpatiencewhenitcomestomoneysometimestrainingandbringingsuchresultsmaytakeyearshoweverithinkanothercatalystiscomingon9decembertheywillhostaseminarfornewreadoutsinoneoftheirmostwellknowndrugsindevelopmentcdk7foradvancesolidtumoursaninhibitorwhicharecurrentlynoneapprovedbythefdanowiamnotsayingthattheywillcurecancerthatsbsbutovertheyearsconvergingtonoveloncologicalsolutionsusingaithisisnottheonlydrugtheyhaveother9areindevelopmenttheyhavemorethan60petabytesofdatatheycombinedforceswithexscientiarecentlyformingprobablythemostimportantpowerhouseofaidrugresearchtheyareextremelyactiveintheresearchfieldseetheirpresenceintheupcomingneuripsconferenceortheirnewopendatasetforquantumcomputingopenqdcistartedinvestinginionqin2021forasimilarimpressionnowiamgettingthesamevibeswiththisifeelthatasmallcatalystwillputthistoflyalthoughtherealpotencialwillcomeinthenext510yearsiftheycanbringthefirstaidrugtothemarketthisimplodesofcoursenofinancialadviceimlong800sharesandloadingasmuchasipossiblycan,2024-11-28 13:13:43,9,7
WallStreetBets,wherearefuturereturnsevensupposedtocomefrom,happythanksgivingtoallofyouihopeyouareabletospendtimewithyourlovedonesjustsomediscussionpointsaboutoverallvaluationsintheequitymarketsthisissomethingthatihavewonderedforawhilealmosteveryassetunderthesunhasskyrocketedandobviouslypeopleareplanningtogetareturnontheirinvestmentsoletsdiscusshowthisisevensupposedtohappenatthispointfirsttheresthelowhangingfruitintermsofargumentssupportingthatweareinawildlyovervaluedequitybubbledogecoinisworthmorethannintendopalantirtradesatnearly60xrevenueandmadeananopennyofearningsonamarketcapthatisnearingasmlsteslaisworth$11tandthussomehowlargerthanberkshirecarvanaimnotevengoingtotalkaboutbitcointheseareprimeexamplesoframpantmarketspeculationandibelievenobodywhohastheirtwobrainhalvesconnectedwouldarguethatthesearenotcultassetsthataredisconnectedfromrealitybutdiggingabitdeeperthebubbledoesntremotelyseemtobeisolatedtocertainsectorsappleisalickawayfrom40xearningswalmarttradesatnearly40xearningscostcosomehowmanagestosellatnearly60xearningselilillycommandsan85xmultipleasanentrypriceservicenowtradesatnearly175xgaapepsthesearent2021stylearkkstocksbutthelargestcompaniesintheworldnvidiaisprobablythegreatestfinancialsuccessstoryofalltimebuttheytooquicklyneedtofindanother$80billionofannualearningssomewhereotherwisetheywillalsoeventuallyimplodelikeaneutronstarandallofthatishappeningwhilethe10yearyieldscloseto45imeanilikewalmartandilikecostcotheyaregoodcompaniesitsastickybusinessandtheyhavecarvedoutanicepieceoftheuseconomyforthemselvesbutwalmartdoesnearly$700binrevenueandhas3operatingmarginsthecurrentepsyieldisbarely25whatissupposedtohappenhereearningsisntexpectedtoskyrocketandthatmultipleissostretchedthateven10yearlyepsgrowthmayleavebullswithoutareturnuntil2034nevereveninmyfeverdreamswouldihavebelievedthatacompanylikecostcowouldcommanda60xpremiumitseemstomethatnearlyanyassetimaginableiswildlyoverboughtandthatpeoplearejustpouringtheypaychecksintothestockmarketbecauseithasahistoryofonlygoingupandtotherightbutmultiplesarearguablywayaheadofthemselvescurrentcaperatiohasonlybeenhigherduringtwotimesinhistory1929andthedotcombubblethisiskindofaclichbutatthesametimeowningthesestocksnetsyounearlynothingsowhatsthegameherearepeoplebettingthatcostcowilltradeat80xearningsnextyeareverythingiknowasavalueinvestortellsmethatthismustendandthatitistimetohedgebutatthesametimeanyonewhohasshortedthisridiculousmarkethasbeengroundtoapulpbytheonslaughtofendlessliquiditythatspouringintothemarketsowhatdoyouguysthinkaretheusstockmarketsabouttopullanikkeiandleaveusallgrindingourteethuntil2040beforeanewhighwillbesethopethatturkeytasteswellbytheway,2024-11-28 13:34:58,7,4
WallStreetBets,imadeanearningscalendarfornextweekforthesakeofthanksgiving,,2024-11-28 02:53:22,55,29
WallStreetBets,rlkbgains750,recentlyiveseenalotofpeoplesharingtheirgainsfromrlkbcalloptionsthoughtidshareminetooivebeenkeepinganeyeonrlkbforawhileandhavedonealotofresearchoniton1120isawanopportunityandbought30calloptionswithastrikepriceof215nowivemade750inprofitprettysureimadetherightcall,2024-11-27 15:47:15,274,54
WallStreetBets,palantirsnhspartnershipdeliversearlywinsexceedsadoptiongoalscutshospitalstays,innovember2023nhsenglandawardedpalantir$pltra330mcontracttodevelopthefederateddataplatformfdpforintegratingnhsdatafinancialtimesreportsearlysuccesswith87trustsand28careboardsonboardexceedingthe71targetpilotsitessawa37dropinunnecessarystaysand114moreinpatientstreatedmonthlysourcehttpswwwftcomcontent9efae6c4c03949b9bbe6dcac575cb4a5archivehttparchivetodayltbkc,2024-11-28 03:07:00,31,10
WallStreetBets,regarded$250kmstuwagerboredwsbdegensdrivebtcupwhilemarketsclosedforturkeydaygobblegobble,boughttheseatmarketclosethesisisbtcpumpswithanarmyofdegenstradingcryptowhilethecasinoisclosedforcingabigopenonmstratthebell1129,2024-11-28 02:55:49,29,13
WallStreetBets,theleveragedmstrfundsarentabletogetenoughswapexposureduetorisklimitationsfromthedealers,,2024-11-27 14:52:37,237,91
WallStreetBets,letstryagain$achrgoesbrrrrr,stillholdingstrongneversellistheregardway,2024-11-27 18:03:53,133,21
WallStreetBets,nvdaoncethegainsarepostedonwsbtheshiphassailed,icontrolthemarketwhenihitbuythestockfalls,2024-11-27 13:58:21,206,48
WallStreetBets,almosttherewhatilearned,afteralmostgettingzeroedouttradingoptionsandinvestingintonoprofitablemoonshotsittookme3yearsbutimfinallybacktoevenguesswhatididtogetbacktoevenweeklycontributionswithmyextraincomeihadandinvestinginvooonlyslowandsteadywinstheracetakeitfrommeandsaveyourselffromflushing3yearsdownthetoilet,2024-11-27 17:01:47,112,27
WallStreetBets,thanksgivingisthebiggestdayoftheyearforregardstoincentivizeotherregardstodoregardedthingswiththeirmoney,withthisfactknownithinkwereabouttohaveahugepopinallmarketsstartingtomorrowineedhelpthoughputtingtogetherwhatibelievewillbetheultimatepaydayplanifitallgoesthewayibelieveitwillibelievebitcoingoestoatleast$150000acointhisrunandmostlikelybymayof2025theplayiwanttomakeiscallsorlongsonmicrostrategy$mstruntiltheendofaprilof2025andtheniwanttoreversemypositionintoputsorshortstorideitallthewaydownwhenbitcoindoesitshighlypredictablecyclenosediveatthispointimnotsurehowmicrostrategywilldobecauseifbitcoinlosesitsnormal50to80percenthowdoesmicrostrategyjustifyitselfuntilthenextcryptocurrencycycleatsomepointin2028or2029theydohave0interestloanssomaybenothingsignificanthappenstothembecauseeventuallybitcoinalwaysgoesupandupsomaybethisplaycanberinsedandrepeatedforeverwhatdoyouthinkandwhatplaysareyougoingintotomorrowwithdoyouthinkwegetthenormalpopweusuallyexperienceeverycyclethanksgivingwhenallthecommonfolksitdowntogetheroverdinneranddiscussalltheregardedinvestmentideasthattheyareorhavegottenthemselvesintolatelyorarepeoplenowtobroketomakeanythinghappenatthispoint,2024-11-28 10:33:38,5,8
WallStreetBets,abitsillybutthisonewasreallyreallyreallyfuntyarcher10kto65ish,soiveprobablymessedthephotosupbut260achrjanuary55csold1002027cwhicheverwashighestleverageandlowestvolatilityattimeofpurchaseaspicturedalsostillholdingsharesandthirty2027leapssorryifiarithmeticedwrongiusuallydosocantgetmadaboutitmyselfiloveyouguysverymuchandwishyouagreatdayatworktomorrow,2024-11-27 23:28:06,25,10
WallStreetBets,why$spyistherealthanksgivingturkey,alrightdegeneratesgatherroundthetablebecauseivecookedupsomesweetthanksgivingddandnoitsnotcranberrysaucebutthiscouldbejustassaucyheresthedealthanksgivingisntjustaboutstuffingyourfaceandawkwardlydodgingauntkarensquestionsaboutwhyyourestillsingleitsalsoprimetimeforunsolicitedstockandcryptopitchesatfamilydinnersandthatmyfriendsiswhyblackfridayisnotjustfortvsat80offbutalsoforstupidlygreenmarketshereshowitworks1familyfinancialinfluencersgrandpabringsuphowhesstillholdingexxonsincethe80syourcousinchadflexeshiscryptoportfoliowhichis90downbutwhateverandyourtechsavvyniecejustlearnedaboutaistocksandissuddenlyjimcramereveryoneatthetableisbuzzingwithhotpickswhilepassingthemashedpotatoesthisisnotfinancialadvicebutitkindais2thefomocatalystunclebobhearsaboutsomestockwithaweirdtickeritsachrbobgetwithitandthinkswhythehellaminotinthisbythetimethepumpkinpierollsaroundhesdownloadingrobinhoodmultiplyunclebobsacrossamericaandboomretailfrenzyensuesfridaymorning3marketsareclosedthursdaythisiskeypeoplehave24wholehourstostewintheirnewfoundknowledgebythetimethemarketopensfridayallthatpentupthanksgivingyoloenergyexplodesintobuyingpressureeveryonesafinancialgeniusafter3glassesofwineandaturkeycoma4blackfridaygreeneryyouknowhoweveryoneshopslikemaniacsonblackfridaystocksarenodifferentthisisthestockmarketdoorbustereffecteveryonespilingintostocksliketheyre$5airfryersandbestofallitsalsothegatewaytothesantaclausrallyaschristmasshoppingkicksoffsomightthestockmarketsannualtraditionofgoingfullholidaycheermodeitslikethemarketwhisperingyouvebeengoodthisyearheresalittlegreentocelebratemypredictionforfriday$spyopensgreenduhlikeyourdrunkuncleskaraokerenditionofsweetcarolineitsinevitabletechstocksprobablyupbecauseauntsusanheardaboutaionceonthetodayshowandnowthinksitsthekeytoimmortalityitiscryptoletsberealcousinchadishypingbitcoinlikehesgotsatoshionspeeddialitsprobablygonnapumpharderthangrandmasbloodpressurewhenshefindsoutyoubroughtstoreboughtpierandommemestocksohyeahbecausesomeonescousinbroughtupthatonecompanywiththeshortinterestthatshallnotbementionedachr$achrwillbetakingaflightliterallyandfigurativelythisfridaywsbsfavoritebirdisreadytosoarandyoudegeneratesaregonnaloveittldrthanksgivingisntjustaboutturkeyitsabreedinggroundforhalfbakedstockideaswhenfridayrollsaroundweregonnaseeatsunamiofretailmoneyhitthemarkets$spygonnapopandwellallberidingthegravytraintothemoonorthewendysdumpstergodspeeddisclaimerthisisabsolutelynotfinancialadvicejustaturkeyfueledtheoryforentertainmentpurposesonlyifitsomehowworksconsidersharingsomepumpkinpieandmaybeathankyoucardpositionstsla340c1220,2024-11-27 16:58:53,78,35
WallStreetBets,samsungadjustsleadershippositionamidstaichipwoesnvidiacorporationnvdatargetsaimemorychipcertification,whatwillnvidiadonexthttpsfinanceyahoocomnewsnvidiacorporationnvdaeyesai212333434htmlhttpsfinanceyahoocomnewsnvidiacorporationnvdaeyesai212333434html,2024-11-27 21:41:13,27,4
WallStreetBets,dailydiscussionthreadfornovember272024,thispostcontainscontentnotsupportedonoldredditclickheretoviewthefullposthttpsshredditcomrwallstreetbetscomments1h11pqe,2024-11-27 10:57:11,138,9436
WallStreetBets,notmassivegainsbutdecidedtotakeabitofprofitonnvdatoday,,2024-11-27 18:19:01,33,20
WallStreetBets,dellstocksinksaftercompanywarnsaispendingwillnotbelinear,sharesofdelltechnologiesdellweredown12percentinearlytradingwednesdayafterthecompanytookacautiousapproachtoinvestorforecastsandwarnedthatartificialintelligencegrowthwillnotbelineardellsaiserverrevenuefell9percentinthethirdquarterfromthepreviousquarterevenwithwednesdaysdropdellsharesarestillupmorethan65percentthisyearhttpsfinanceyahoocomnewsdellstocksinksaftercompanywarnsaispendingwillnotbelinear151836773htmlhttpsfinanceyahoocomnewsdellstocksinksaftercompanywarnsaispendingwillnotbelinear151836773html,2024-11-27 15:31:56,55,32
WallStreetBets,spacexgetsfccgreenlightforstarlinkdirecttophonedealwithtmobile,,2024-11-27 07:39:29,197,81
WallStreetBets,watchthisyoucanactuallypinpointthesecondhisheartripsinhalf,position500sharesat$143,2024-11-26 23:11:10,895,49
WallStreetBets,achrgains,950to18250thankyoutothissubandtheposterthatgotmetobuytheseoptionsgonnagobuysomechristmasgifts,2024-11-27 15:38:34,36,3
WallStreetBets,thegainzzzareinsanezzzzz,starteddayearwid$28krastafaraicoudagetaevenmorewithadatrimmingbutdatislifahhhhbombasticthisisfantasticyouarebigregardsimyourewifesboyfriendihope$rklbjourneytomakingmeamillionaireiswellonitswayiseethisbabypushingthelimitsoftheknownuniversewhichislocatedaround$50$60iloveyouredditiloveyouwsbiknowthissoundsgaybutthisiswhattrueloveisallaboutgayness,2024-11-27 22:44:34,8,19
WallStreetBets,archergains,alsosoldabout$6kworthofmycalls,2024-11-27 15:33:50,31,2
WallStreetBets,warrenbuffettdonates$114billiontofamilyfoundationsoffersestateplanningtipsforparents,,2024-11-26 20:06:30,909,81
WallStreetBets,nvidianvdamarch25151calloptions,sonvdabeattopandbottomlinesonearningsbuyitwasntastastyasthemarketwantedarethesecallsdeadorshouldisitontheplugandletthemride,2024-11-27 19:23:25,12,19
WallStreetBets,etgainsstillholding,s,2024-11-27 16:11:46,15,11
WallStreetBets,howismstrsbondschemedifferentthanthemortgagebondsoftheearly2000sandnotworse,theyremerelyseniordebtobligationsofacompanythatownsseverelyvolatileassetsitsliterallyacollateralizeddebtobligationthedebtobligationbeingthebondandthecollateralisthemstrstockexcepttherearenotranchesoratleastthecurrentofferingsareequivalenttothesenioraaatrancheifwhenthebtcmarkettankslikethehousingmarkettankedmstrbondholdersreceivemstrstockafteracrashthisstockwillbeasnotvaluableasatopleveltrancheofamortgagebackedbondstructurebasedonshittyloansthenthemortgageholdershadtosellofforhavetogothroughtheforeclosureprocessandhopefullyletthemoneyflowbackinthechainbutyoucantforecloseonbitcointhisisessentiallymortgagebackedsecuritiesforunsecuredmortgages,2024-11-26 20:16:51,427,251
WallStreetBets,whatareyourmovestomorrownovember272024,thispostcontainscontentnotsupportedonoldredditclickheretoviewthefullposthttpsshredditcomrwallstreetbetscomments1h0mlev,2024-11-26 20:57:15,279,6151
WallStreetBets,somanysleeplessnightsandshittradestobarelybreakeven,goingthroughallmytradesitsclearbuyingoptionsisalostcauseformemostofmywinningtradesaresellingoptionsthebigredcandlewasmymetayololost15kithinkalsoirealisedthatitakeprofitwhichisgoodbutihavetocutmylossestoolikeinsteadoflettinganoptionexpireishouldexitifitsdown50percent,2024-11-26 17:54:05,387,118
WallStreetBets,usnavyawardsrollsroyce$700milliondollarcontract$rycey,justreleasedrollsroycecorpindianapolisindianaisawardeda$695336976firmfixedpriceindefinitedeliveryindefinitequantitycontractthiscontractprovidessustainmentsupportprogrammanagementintegratedlogisticssupportsustainingengineeringmaintenancerepairreliabilityimprovementsconfigurationmanagementandsitesupportforthemv22cv22andcmv22ae1107cengineworkwillbeperformedinindianapolisindianaandisexpectedtobecompletedbynovember2026nofundswillbeobligatedatthetimeofawardfundswillbeobligatedonindividualordersastheyareissuedthiscontractwasnotcompetednavalairsystemscommandpatuxentrivermarylandisthecontractingactivityn0001925d0002httpswwwdefensegovnewscontractscontractarticle3979543httpswwwdefensegovnewscontractscontractarticle3979543fyiyoucannotbuyinafterhoursasthisisotcthiscombinedwithryceyasanuclearplaymakesmebullishihavesharesinmyrothiraandmytradingaccount,2024-11-26 22:22:03,160,29
WallStreetBets,arememecoinsascam,soiveseenalotofpeopletalkaboutmemecoinsandhowtheymadelike200xiknowyougottabereallycarefulaboutgettingrugpulledbutcoulditbeworthatry,2024-11-28 13:13:45,0,13
WallStreetBets,brazilbearcase,justfromaquickglanceatthefiguresidontunderstandwhythebrazilianindexandstocksaresoaggressivelyunderperformingdotheyseesomethingthatidonttheindexisbelowcovidlowsstockslikexpnuasaiandthegeneraleconomyisgrowingandlulahasagoodheadonhisshouldersdespitemoronsscreamingabouthimbeingacommiehesneverdoneanythingtoindicatethathewilldisruptbrazilsgrowthitsnotliketheresanygeopoliticaltensionintheregioniftheconcernsarejusttemporaryraisedfedratesandsentimentaboutlulabeingacommiesobolsonaristsarejustshovellingmoneyoutofthecountryinprotestisthisnotagreatbuyingopportunityhttpsmoneyweekcomeconomybrazilboomsbutinvestorsremainwaryhttpsmoneyweekcomeconomybrazilboomsbutinvestorsremainwary,2024-11-27 20:22:11,3,18
WallStreetBets,stockistradingatalltimelowswithasub$2bmarketcap$600mfcf$4binassetsandover30shortinterestabsurd,apollotriedtofundakohlsbuyoutin2022for8bnothinghaschangeddrasticallyaboutitsbusinessbetweennowandthenletsbreakdownkohls$kssthestockisdown20todaytradingatanalltimelowwithamarketcapunder$2billionmeanwhilethecompanygenerates$600millioninfreecashflowfcfannuallyandowns$7billioninrealestateassetswithnetassetsof$4b1thebusinesskohlsstilldid$18billioninsalesforfiscal2024evenwithoutfullycapitalizingonitssephorapartnershipwhichisboostingfoottrafficineverystoreitsbeenrolledoutinandtheycontinuetorolloutmore2valuationandcashflowkohlsgenerated$300millioninnetincomelastfiscalyearandnearlydoublethatinfreecashflowfcf$600millionbasedonthisquartertheylllikelylandsomewhereinasimilarballparkhistoricallykohlshasaveraged$1billioninfcfmeaningcurrentresultsarealreadydeeplydiscountedandyetthestockistradingatjust3xfcfthediscrepancybetweennetincomeandfcfcomesfromnoncashexpenseslikedepreciationontheir$7billionrealestateportfoliothisisntmoneyburneditsaccountingnoise3balancesheetstrengthkohlshas$14billionintotalassets4bnetwithalargeportionbeingrealestatetheyownover400storesoutrighthardassetsthatcouldgeneratesignificantcashinaliquidationscenarioliabilitiesareabout11byestheyexistbutkohlsisfarfromdistressedwithmanageabledebtrelativetotheirassetsandfcfgeneration4shortinterestover30ofkohlssharesareshortedshortsbettingontotalcollapsemightnotfullyunderstandthecashgenerationandrealestatevaluehereanypositivecatalystastrategicpivotrealestatemonetizationorimprovedretailsentiment5ceodeparturekohlsjustannounceditsceotomkingsburyissteppingdownnewsthatlikelycontributedtotodaysselloffbutheresthekickerkingsburywasadamantaboutnotsellingkohlsassetshisdeparturereopensthepossibilityofarealestatemonetizationplaywhichcouldunlockbillionsinvaluerememberkohlsrejectedan$8billionbuyoutofferfundedbyapolloglobalmanagementin2022thatwasfourtimestodaysvaluationthebottomlinefora$2billionmarketcapyourebuying$7billioninrealestateassetsincluding400ownedstores$600millionannualfcfeveninabadyearacompanythatgeneratesenoughcashtopayan11dividendyieldifyoutoldmeicouldbuy$7billioninhardassets4bnetofliabilitiesand$600millioninannualcashflowforunder$2billionidsayyeseverytimethatskohlstodaythisisntagrowthstoryitsacashandassetsstoryyourebettingthatthebusinessevenifitdeclinesslowlywillreturnfarmorethanitscurrentvaluationorthatsomeonewithdeeppocketswilltakenoticeandbideitherwaythisvaluationisridiculousshortsgoodluckhttpspreviewredditm4b24scbd93e1pngwidth1179formatpngautowebpsb764753e554ed3a871bce3b503a49805d84f34ad,2024-11-26 14:43:39,367,316
WallStreetBets,chipsactfinallyawardedtointc,theannouncementdemonstratestheusgovernmentsconfidenceinintelsessentialroleinbuildingaresilienttrustedsemiconductorsupplychainondomesticsoilsincethepassageofthechipsandscienceactmorethantwoyearsagointelhasannouncedplanstoinvestmorethan$100billionintheustoexpandchipmakingandadvancedpackagingcapacityandcapabilitiescriticaltoeconomicandnationalsecuritythehistoricinvestmentswillsupporttensofthousandsofjobsstrengthenussupplychainsfosterusbasedrdandhelpensureamericanleadershipincuttingedgesemiconductormanufacturingandtechnologycapabilitieshttpswwwbusinesswirecomnewshome20241126483779enintelandbidenharrisadministrationfinalize786billionfundingawardunderuschipsacthttpswwwbusinesswirecomnewshome20241126483779enintelandbidenharrisadministrationfinalize786billionfundingawardunderuschipsact,2024-11-26 10:22:33,620,101
WallStreetBets,ihonestlyjustwannagiveupatphowdoimanagetolosethisbadlyinamarketlikewevehadthisyear,itsreallyallbsimakemoneyandloseitallagaintostupidbsinthemarketlikehasanyoneeverfoundoutwhycoinwentred9daysinarowforabsolutelynoreasonnonewsfrom$217to$146allwhilebtccryptowasboomingbutthenjustconsistentlygoesup$50adayweekslater,2024-11-27 05:43:10,18,91
WallStreetBets,gotsomefatgainsasaneuropean$rklb,x5leverage45kyolod,2024-11-26 14:51:21,218,88
WallStreetBets,achrgains,biggestwinivehadwithoptionssold75ofmycallsthismorningletsseewhatsleftinthetank,2024-11-26 15:12:27,183,26
